{
    "stats": {
        "instanceID": 58628
    },
    "equippedWeapon": {
        "instanceID": 58186
    },
    "level": 3,
    "exp": 0,
    "expNeeded": 80,
    "vigor": 10,
    "strength": 7,
    "dexterity": 4,
    "intelligence": 3,
    "hp": 100,
    "mana": 30,
    "skills": [
        {
            "instanceID": 58678
        },
        {
            "instanceID": 58680
        },
        {
            "instanceID": 0
        },
        {
            "instanceID": 0
        }
    ],
    "position": {
        "x": 1.834274411201477,
        "y": 0.0,
        "z": -18.55029296875
    },
    "rotation": {
        "x": 0.0,
        "y": 0.7071068286895752,
        "z": 0.0,
        "w": 0.7071068286895752
    }
}