{"stats":{"instanceID":55918},"equippedWeapon":{"instanceID":56134},"level":0,"exp":0,"expNeeded":0,"vigor":0,"strength":0,"dexterity":0,"intelligence":0,"hp":0,"mana":0,"skills":[{"instanceID":58724},{"instanceID":0},{"instanceID":0},{"instanceID":0}],"position":{"x":0.006147013045847416,"y":0.0,"z":0.007708865217864513},"rotation":{"x":0.0,"y":0.33025655150413515,"z":0.0,"w":0.9438912272453308}}