{
    "stats": {
        "instanceID": 59582
    },
    "equippedWeapon": {
        "instanceID": 59146
    },
    "level": 1,
    "exp": 0,
    "expNeeded": 20,
    "vigor": 4,
    "strength": 3,
    "dexterity": 2,
    "intelligence": 1,
    "hp": 40,
    "mana": 10,
    "skills": [
        {
            "instanceID": 59632
        },
        {
            "instanceID": 0
        },
        {
            "instanceID": 0
        },
        {
            "instanceID": 0
        }
    ],
    "position": {
        "x": -2.7207424640655519,
        "y": 0.0,
        "z": 0.014342394657433033
    },
    "rotation": {
        "x": 0.0,
        "y": -0.26695340871810915,
        "z": 0.0,
        "w": 0.9637094140052795
    }
}