{"stats":{"instanceID":57194},"equippedWeapon":{"instanceID":11534},"level":1,"exp":0,"expNeeded":20,"vigor":2,"strength":2,"dexterity":4,"intelligence":2,"hp":20,"mana":20,"skills":[{"instanceID":59678},{"instanceID":0},{"instanceID":0},{"instanceID":0}],"position":{"x":-0.9787719249725342,"y":0.0,"z":-2.5361547470092775},"rotation":{"x":0.0,"y":0.41982632875442507,"z":0.0,"w":0.907604455947876}}