{"stats":{"instanceID":56070},"equippedWeapon":{"instanceID":55994},"level":3,"exp":44,"expNeeded":80,"vigor":6,"strength":4,"dexterity":10,"intelligence":4,"hp":60,"mana":40,"skills":[{"instanceID":56168},{"instanceID":56170},{"instanceID":0},{"instanceID":0}],"position":{"x":-153.85113525390626,"y":0.0,"z":32.22462463378906},"rotation":{"x":0.0,"y":0.3037586808204651,"z":0.0,"w":0.9527490139007568}}