{"stats":{"instanceID":56070},"equippedWeapon":{"instanceID":546654},"level":6,"exp":35,"expNeeded":640,"vigor":12,"strength":7,"dexterity":19,"intelligence":7,"hp":113,"mana":70,"skills":[{"instanceID":56168},{"instanceID":56170},{"instanceID":0},{"instanceID":0}],"position":{"x":-155.1687469482422,"y":0.0,"z":-45.37910461425781},"rotation":{"x":0.0,"y":-0.7071068286895752,"z":0.0,"w":0.7071068286895752}}