{"stats":{"instanceID":63678},"equippedWeapon":{"instanceID":59202},"level":7,"exp":368,"expNeeded":1280,"vigor":22,"strength":15,"dexterity":8,"intelligence":7,"hp":207,"mana":70,"skills":[{"instanceID":63102},{"instanceID":63804},{"instanceID":63806},{"instanceID":63808}],"position":{"x":87.15086364746094,"y":0.0,"z":-252.93365478515626},"rotation":{"x":0.0,"y":-0.7071068286895752,"z":0.0,"w":0.7071068286895752}}