{"stats":{"instanceID":61408},"equippedWeapon":{"instanceID":61456},"level":7,"exp":413,"expNeeded":1280,"vigor":14,"strength":8,"dexterity":22,"intelligence":8,"hp":67,"mana":24,"skills":[{"instanceID":68868},{"instanceID":68870},{"instanceID":68872},{"instanceID":68874}],"position":{"x":86.45730590820313,"y":0.0,"z":-251.86724853515626},"rotation":{"x":0.0,"y":0.9726384282112122,"z":0.0,"w":-0.23232418298721314}}