{"stats":{"instanceID":70032},"equippedWeapon":{"instanceID":12636},"level":1,"exp":0,"expNeeded":20,"vigor":4,"strength":3,"dexterity":2,"intelligence":1,"hp":40,"mana":10,"skills":[{"instanceID":72216},{"instanceID":0},{"instanceID":0},{"instanceID":0}],"position":{"x":-114.04545593261719,"y":0.0,"z":-90.82261657714844},"rotation":{"x":0.0,"y":-0.7071068286895752,"z":0.0,"w":0.7071068286895752}}