{"stats":{"instanceID":59164},"equippedWeapon":{"instanceID":55650},"level":1,"exp":0,"expNeeded":20,"vigor":4,"strength":3,"dexterity":2,"intelligence":1,"hp":40,"mana":10,"skills":[{"instanceID":59292},{"instanceID":0},{"instanceID":0},{"instanceID":0}],"position":{"x":0.006856143474578857,"y":0.0,"z":24.507869720458986},"rotation":{"x":0.0,"y":0.89766526222229,"z":0.0,"w":-0.44067803025245669}}