{"stats":{"instanceID":59498},"equippedWeapon":{"instanceID":61368},"level":5,"exp":317,"expNeeded":320,"vigor":16,"strength":11,"dexterity":6,"intelligence":5,"hp":107,"mana":50,"skills":[{"instanceID":59614},{"instanceID":59616},{"instanceID":0},{"instanceID":0}],"position":{"x":-166.27957153320313,"y":0.0,"z":-257.9607238769531},"rotation":{"x":0.0,"y":0.3697168529033661,"z":0.0,"w":0.9291445016860962}}