{"stats":{"instanceID":61410},"equippedWeapon":{"instanceID":61478},"level":3,"exp":0,"expNeeded":80,"vigor":10,"strength":7,"dexterity":4,"intelligence":3,"hp":87,"mana":30,"skills":[{"instanceID":67082},{"instanceID":68876},{"instanceID":0},{"instanceID":0}],"position":{"x":-24.792343139648439,"y":0.0,"z":-90.41334533691406},"rotation":{"x":0.0,"y":-0.7071068286895752,"z":0.0,"w":0.7071068286895752}}