{"stats":{"instanceID":59498},"equippedWeapon":{"instanceID":55944},"level":5,"exp":220,"expNeeded":320,"vigor":16,"strength":11,"dexterity":6,"intelligence":5,"hp":137,"mana":36,"skills":[{"instanceID":59614},{"instanceID":59616},{"instanceID":0},{"instanceID":0}],"position":{"x":-210.5439453125,"y":0.0,"z":-91.38807678222656},"rotation":{"x":0.0,"y":-0.858519434928894,"z":0.0,"w":0.512781023979187}}