{"stats":{"instanceID":11588},"equippedWeapon":{"instanceID":62350},"level":3,"exp":40,"expNeeded":80,"vigor":6,"strength":4,"dexterity":10,"intelligence":4,"hp":60,"mana":1,"skills":[{"instanceID":11592},{"instanceID":11594},{"instanceID":0},{"instanceID":0}],"position":{"x":-155.3885955810547,"y":0.0,"z":35.63432312011719},"rotation":{"x":0.0,"y":-0.6534647345542908,"z":0.0,"w":0.7569569945335388}}